{"Epoch": 99, "Training Loss": 3462.5947265625, "Validation Loss": 3227.35791015625, "_timestamp": 1703174118.0932329, "_runtime": 9.595066785812378, "_step": 99, "_wandb": {"runtime": 8}}