{"Epoch": 99, "Training Loss": 3466.681884765625, "Validation Loss": 3229.55712890625, "_timestamp": 1703171032.61327, "_runtime": 10.209659099578857, "_step": 99, "_wandb": {"runtime": 7}}