{"Epoch": 99, "Training Loss": 1540.007080078125, "Validation Loss": 1433.96728515625, "_timestamp": 1703270027.068247, "_runtime": 33.56198501586914, "_step": 99, "_wandb": {"runtime": 32}}