{"Epoch": 99, "Training Loss": 3470.136474609375, "Validation Loss": 3198.209716796875, "_timestamp": 1703177704.415564, "_runtime": 150.97353410720825, "_step": 99, "_wandb": {"runtime": 149}}