{"Epoch": 99, "Training Loss": 3471.1337890625, "Validation Loss": 3203.420654296875, "_timestamp": 1703170368.5932338, "_runtime": 27.179688930511475, "_step": 99, "_wandb": {"runtime": 26}}