{"Epoch": 99, "Training Loss": 1539.43310546875, "Validation Loss": 1449.6326904296875, "_timestamp": 1704798777.468786, "_runtime": 7.6668620109558105, "_step": 99, "_wandb": {"runtime": 6}}