{"Test Loss": 3921.693115234375, "Test MAE": 49.04049301147461, "_timestamp": 1703170038.6082098, "_runtime": 4.273896932601929, "_step": 0}