{"Epoch": 99, "Training Loss": 3464.18505859375, "Validation Loss": 3204.679443359375, "_timestamp": 1703173483.6430001, "_runtime": 18.575273036956787, "_step": 99, "_wandb": {"runtime": 12}}