{"Epoch": 99, "Training Loss": 3470.484619140625, "Validation Loss": 3217.954345703125, "_timestamp": 1703178096.972212, "_runtime": 356.078497171402, "_step": 99, "_wandb": {"runtime": 354}}