{"Epoch": 499, "Training Loss": 24.292295455932617, "Validation Loss": 22.999786376953125, "_timestamp": 1703182956.3967092, "_runtime": 27.908894300460815, "_step": 499, "_wandb": {"runtime": 27}}