{"graph": {"_type": "graph-file", "sha256": "d0ad3a12b1c26ac157c59d6174a4ccc38340168fcaf31681df7371f283aa029a", "size": 433, "path": "media/graph/graph_summary_d0ad3a12b1c26ac157c5.graph.json"}, "epoch": 9, "_timestamp": 1703108334.3797271, "loss": 0.06044987183044583, "val_loss": 34976.140625, "_runtime": 4.732992172241211, "_step": 19, "best_val_loss": 34976.140625, "best_epoch": 9, "acc": 0.9605003056848009, "_wandb": {"runtime": 20}}