{"graph": {"_type": "graph-file", "sha256": "d0ad3a12b1c26ac157c59d6174a4ccc38340168fcaf31681df7371f283aa029a", "size": 433, "path": "media/graph/graph_summary_d0ad3a12b1c26ac157c5.graph.json"}, "epoch": 9, "_timestamp": 1703108449.749395, "loss": 0.04701398112698439, "val_loss": 35178.73828125, "_runtime": 4.684098958969116, "_step": 19, "best_val_loss": 35178.73828125, "best_epoch": 9, "acc": 0.9476423002860913, "_wandb": {"runtime": 16}}