{"Training Loss": 24.5, "Validation Loss": 14.7, "_timestamp": 1703109454.782896, "_runtime": 3.1789050102233887, "_step": 49, "_wandb": {"runtime": 2}}